,content,created_at,date,sentiment_label,sentiment_score
0,"During the European session, the XRP price is up 7.5%, bringing nostalgic price action back to the market. More than 4.3 million unique addresses now hold XRP, Ripple's native token. Despite facing its own set of difficulties and the persistent Crypto Winter that has driven several assets to multi-month lows, the XRP coin has reached this milestone

[Why XRP Price is up 7.5% to $0.3498 - Is it Time to Buy?](https://cryptonews.com/news/why-xrp-price-is-up-75-to-03498-is-it-time-to-buy.htm)",2022-09-17 17:35:40+00:00,2022-09-17,Neutral,0.488502562046051
1,"These Are the Most Profitable Proof-of-Work Algorithms Since Ethereum Moved to Proof-of-Stake

[These Are the Most Profitable Proof-of-Work Algorithms Since Ethereum Moved to Proof-of-Stake â€“ Mining Bitcoin News](https://news.bitcoin.com/these-are-the-most-profitable-proof-of-work-algorithms-since-ethereum-moved-to-proof-of-stake/)
Since ethereum can no longer be mined, the most profitable PoW consensus algorithms are Kadena, Scrypt, and Cuckatoo32.",2022-09-17 17:34:42+00:00,2022-09-17,Neutral,0.46255144476890564
2,great!,2022-09-17 17:34:42+00:00,2022-09-17,Positive,0.7540867924690247
3,ğŸˆ Dare,2022-09-17 17:34:10+00:00,2022-09-17,Neutral,0.42152830958366394
4,"The desert cactus, sound like Tequila)",2022-09-17 17:34:00+00:00,2022-09-17,Neutral,0.6430885791778564
5,Shout out to the soldiers who protect the country for us â¤ï¸âœ¨,2022-09-17 17:33:36+00:00,2022-09-17,Positive,0.8837581872940063
6,gm hagd nikoemme!,2022-09-17 17:33:14+00:00,2022-09-17,Positive,0.3906079828739166
7,"Just wrapped up my first presentation on web3 social networks with Lens Protocol ğŸŒ¿

You can find the slides on Arweave here:
https://arweave.net/mlwiMPha1nRTSK1CkF7R8SAhHqdAtbm-vWHRWjKpm5w",2022-09-17 17:33:02+00:00,2022-09-17,Neutral,0.6712120175361633
8,"Guten mergen. 

Hereâ€™s a little something from us, to you. Lots of hidden secrets to find. Catch it on a rare tee or some stickers at ETHBerlin, snap a pic and share it below. Until then, collect our poster on Lens. 

Yours truly, 
GROCERY WORLD
ğŸ§¾ ğŸ§¾ ğŸ§¾",2022-09-17 17:32:56+00:00,2022-09-17,Negative,0.38896018266677856
9,Congratulations to the entire Ethereum community on this monumental achievement. Remember this historic day forever by collecting this special ghost on Lens,2022-09-17 17:32:50+00:00,2022-09-17,Positive,0.9289347529411316
10,Tired palms,2022-09-17 17:32:34+00:00,2022-09-17,Negative,0.903893768787384
11,Flowers,2022-09-17 17:32:02+00:00,2022-09-17,Neutral,0.4023469388484955
12,"Just wrapped up my first presentation on web3 social networks with Lens Protocol ğŸŒ¿

You can find the slides on Arweave here:
https://arweave.net/mlwiMPha1nRTSK1CkF7R8SAhHqdAtbm-vWHRWjKpm5w",2022-09-17 17:31:38+00:00,2022-09-17,Neutral,0.6712120175361633
13,"Guten mergen. 

Hereâ€™s a little something from us, to you. Lots of hidden secrets to find. Catch it on a rare tee or some stickers at ETHBerlin, snap a pic and share it below. Until then, collect our poster on Lens. 

Yours truly, 
GROCERY WORLD
ğŸ§¾ ğŸ§¾ ğŸ§¾",2022-09-17 17:31:34+00:00,2022-09-17,Negative,0.38896018266677856
14,The way to the sea,2022-09-17 17:31:30+00:00,2022-09-17,Neutral,0.5117931365966797
15,That's what adults do,2022-09-17 17:31:28+00:00,2022-09-17,Neutral,0.6484485268592834
16,Congratulations to the entire Ethereum community on this monumental achievement. Remember this historic day forever by collecting this special ghost on Lens,2022-09-17 17:31:28+00:00,2022-09-17,Positive,0.9289347529411316
17,The bungalo,2022-09-17 17:30:58+00:00,2022-09-17,Neutral,0.5028782486915588
18,"European Central Bank Chooses Amazon, Nexi, and 3 More to Prototype Digital Euro Apps ğŸ¦

The European Central Bank (ECB) has announced the selection of five new partners to support the development of a digital euro prototype. According to the announcement from ECB, the five partners are E-commerce giant Amazon, fintech firm Nexi, Spanish digital bank CaixaBank, French payments platform Worldline and the European Payments Initiative (EPI). Each of the partners will focus on developing a prototype based on specific use cases of the digital euro.

[ECB Picks Amazon, Nexi, 3 More to Prototype Digital Euro Apps](https://www.coindesk.com/policy/2022/09/16/ecb-picks-amazon-nexi-3-more-to-prototype-digital-euro-apps/)
The European Central Bank plans to test how well the technology underlying a digital euro integrates with user interfaces developed by companies.",2022-09-17 17:30:56+00:00,2022-09-17,Neutral,0.6005696654319763
19,"Guten mergen. 

Hereâ€™s a little something from us, to you. Lots of hidden secrets to find. Catch it on a rare tee or some stickers at ETHBerlin, snap a pic and share it below. Until then, collect our poster on Lens. 

Yours truly, 
GROCERY WORLD
ğŸ§¾ ğŸ§¾ ğŸ§¾",2022-09-17 17:30:38+00:00,2022-09-17,Negative,0.38896018266677856
20,BREAKING:DO KWON IS NOT IN MY BASEMENT: REUTERS,2022-09-17 17:30:22+00:00,2022-09-17,Neutral,0.5721862316131592
21,"Just wrapped up my first presentation on web3 social networks with Lens Protocol ğŸŒ¿

You can find the slides on Arweave here:
https://arweave.net/mlwiMPha1nRTSK1CkF7R8SAhHqdAtbm-vWHRWjKpm5w",2022-09-17 17:30:16+00:00,2022-09-17,Neutral,0.6712120175361633
22,"Guten mergen. 

Hereâ€™s a little something from us, to you. Lots of hidden secrets to find. Catch it on a rare tee or some stickers at ETHBerlin, snap a pic and share it below. Until then, collect our poster on Lens. 

Yours truly, 
GROCERY WORLD
ğŸ§¾ ğŸ§¾ ğŸ§¾",2022-09-17 17:30:08+00:00,2022-09-17,Negative,0.38896018266677856
23,Congratulations to the entire Ethereum community on this monumental achievement. Remember this historic day forever by collecting this special ghost on Lens,2022-09-17 17:30:04+00:00,2022-09-17,Positive,0.9289347529411316
24,good,2022-09-17 17:29:56+00:00,2022-09-17,Positive,0.43150457739830017
25,Light at the end of the tunnel personified,2022-09-17 17:29:36+00:00,2022-09-17,Neutral,0.5870831608772278
26,"RVN Analysis : 

RVN trending Higher highs, irrespective of market conditions and rejected from the major resistance zone of $0.0730 - $0.0766. Market already turned its structure to bearish as breaking all its structure supports. No buys RN, look for short-sell only.",2022-09-17 17:28:06+00:00,2022-09-17,Negative,0.49047812819480896
27,"#DNT will pump like BEAM

If you missed #BEAM pump #DNT is another opportunity for quick profitâœŒğŸ»

Buy and holdğŸš€",2022-09-17 17:27:38+00:00,2022-09-17,Positive,0.5366169810295105
28,"DNT/USDT lying above strong support. Stochastic is giving a buying signal. It will bounce hard from here. o now is the right time to build your position in it before breakout for massive profitsğŸ˜Š

Targets: $0.0517-0.0675-0.0795-0.0900

SL: $0.0412",2022-09-17 17:27:16+00:00,2022-09-17,Positive,0.535910427570343
29,Statue of King Arthur located in a castle in Cornwall.,2022-09-17 17:27:12+00:00,2022-09-17,Neutral,0.804577112197876
30,Mixing,2022-09-17 17:27:10+00:00,2022-09-17,Neutral,0.42055344581604004
31,Hello how do you feel the irritation when you are not having data,2022-09-17 17:26:44+00:00,2022-09-17,Negative,0.7700896859169006
32,"DNT/BTC
Billed as a ""network of decentralized markets and communities,"" district0x is a platform that allows users to easily launch their own decentralized platforms which are governed by a decentralized autonomous organization (DAO) structure.

Technically lying above strong support. RSI is in the oversold region. MACD is showing bullish momentum. It will pump hard from here. o now is the right time to build your position in it before breakout for massive profitsğŸ˜Š

Targets: 257-350-415-500 satoshi",2022-09-17 17:26:42+00:00,2022-09-17,Neutral,0.4061993956565857
33,"FCD ğŸ”¥ğŸ”¥ğŸ”¥

[FreshCut on Twitter](https://twitter.com/freshcut/status/1571187715558752258)
â€œAll hail your FreshCut Rumble finalists, Pikachu &amp; Mario ğŸ†

To celebrate the FreshCut Rumble finale, we're giving away a @RESPAWNProducts Gaming Chair! ğŸ”¥

All you have to do is:
â¤ï¸ Like
â™»ï¸ Retweet
ğŸ’¬ Comment who you voted (poll in comments)â€",2022-09-17 17:26:18+00:00,2022-09-17,Positive,0.5081956386566162
34,"BEYOND THE NFT HYPE

[Beyond the NFT hype: The need for reimagining digital artâ€™s value proposition](https://cointelegraph.com/news/beyond-the-nft-hype-the-need-for-reimagining-digital-art-s-value-proposition)
The true potential of NFTs lies beyond profile pictures and art and into solving real-world use cases, implying the need for brainstorming fresh ideas.",2022-09-17 17:25:40+00:00,2022-09-17,Neutral,0.38348588347435
35,"Bitconnect Executive Sentenced To 38 Months Over $2.4 Billion Crypto Ponzi Scheme. 

On Friday, top executive marketer of the BitConnect cryptocurrency investment platform was sentenced to 38 months in prison for running a $2.4 billion Ponzi scheme that defrauded at least 4,500 people from 95 countries. 

https://diutocoinnews.com.ng/bitconnect-executive-jailed-38months/

[Bitconnect Executive Sentenced To 38 Months Over $2.4 Billion Crypto Ponzi Scheme. | DiutoCoinNews](https://diutocoinnews.com.ng/bitconnect-executive-jailed-38months/9970/)
Bitcoin News in Nigeria. Increasing Financial Freedom Through Info. Welcome to Web 3.0 Explore Decentralized Markets and Finance, NFTs, Blockchain, Cryptocurrency, and Other Emerging Web3 Technologies.",2022-09-17 17:25:30+00:00,2022-09-17,Neutral,0.6469805240631104
36,"LUNA co-founders on the run ??? ğŸ¥²

[Wu Blockchain on Twitter](https://twitter.com/WuBlockchain/status/1571186463764795392)
â€œAccording to the Singapore Lianhe Zaobao, the Singapore police said that Terra founder Do Kwon is no longer in Singapore. South Korea previously issued arrest warrants for Do Kwon and five others. Singapore police said they would assist South Korea. 
https://t.co/HSm2f2Ozqlâ€",2022-09-17 17:24:56+00:00,2022-09-17,Negative,0.5101476907730103
37,"can we set the default frequency of videos and soon; music, uploaded to #lenstube to 432hz?ğŸ™
also, sasi marked the mobile application feature request: PLANNED, 11 hours ago via the roadmap.lenstube.xyz",2022-09-17 17:24:34+00:00,2022-09-17,Neutral,0.6740028262138367
38,I missed again just 7 dolars ....,2022-09-17 17:24:20+00:00,2022-09-17,Negative,0.8673758506774902
39,"Just wrapped up my first presentation on web3 social networks with Lens Protocol ğŸŒ¿

You can find the slides on Arweave here:
https://arweave.net/mlwiMPha1nRTSK1CkF7R8SAhHqdAtbm-vWHRWjKpm5w",2022-09-17 17:23:58+00:00,2022-09-17,Neutral,0.6712120175361633
40,"Guten mergen. 

Hereâ€™s a little something from us, to you. Lots of hidden secrets to find. Catch it on a rare tee or some stickers at ETHBerlin, snap a pic and share it below. Until then, collect our poster on Lens. 

Yours truly, 
GROCERY WORLD
ğŸ§¾ ğŸ§¾ ğŸ§¾",2022-09-17 17:23:54+00:00,2022-09-17,Negative,0.38896018266677856
41,Congratulations to the entire Ethereum community on this monumental achievement. Remember this historic day forever by collecting this special ghost on Lens,2022-09-17 17:23:50+00:00,2022-09-17,Positive,0.9289347529411316
42,"HOW TO EARN PASSIVE CRYPTO INCOME IN A BEAR MARKET âš ï¸

[How to earn passive crypto income in a bear market?](https://cointelegraph.com/news/how-to-earn-passive-crypto-income-in-a-bear-market)
For experienced investors, a bear market is nothing out of the norm. It has happened in the past, and it will happen again â€” even in cryptocurrency.",2022-09-17 17:23:32+00:00,2022-09-17,Neutral,0.6124353408813477
43,ETHBerlin Aave stickies giving some good techno vibes,2022-09-17 17:23:30+00:00,2022-09-17,Positive,0.7882409691810608
44,gm,2022-09-17 17:23:24+00:00,2022-09-17,Neutral,0.44987958669662476
45,"Understand this : 

History is a controlled narrative of fabrications manufactured by the establishment authority ğŸš¨

[Wall Street Silver Twitter'da](https://twitter.com/WallStreetSilv/status/1571182194017685510)
â€œUnderstand this : 

History is a controlled narrative of fabrications manufactured by the establishment authority ğŸš¨â€",2022-09-17 17:22:40+00:00,2022-09-17,Negative,0.5025923252105713
46,oh man! I want this! ğŸ˜,2022-09-17 17:21:52+00:00,2022-09-17,Positive,0.786952018737793
47,"Just wrapped up my first presentation on web3 social networks with Lens Protocol ğŸŒ¿

You can find the slides on Arweave here:
https://arweave.net/mlwiMPha1nRTSK1CkF7R8SAhHqdAtbm-vWHRWjKpm5w",2022-09-17 17:21:40+00:00,2022-09-17,Neutral,0.6712120175361633
48,"Guten mergen. 

Hereâ€™s a little something from us, to you. Lots of hidden secrets to find. Catch it on a rare tee or some stickers at ETHBerlin, snap a pic and share it below. Until then, collect our poster on Lens. 

Yours truly, 
GROCERY WORLD
ğŸ§¾ ğŸ§¾ ğŸ§¾",2022-09-17 17:21:36+00:00,2022-09-17,Negative,0.38896018266677856
49,"Brilliant !!

[Wall Street Silver Twitter'da](https://twitter.com/WallStreetSilv/status/1571180376323756032)
â€œBrilliant !!â€",2022-09-17 17:21:34+00:00,2022-09-17,Positive,0.815644383430481
50,Congratulations to the entire Ethereum community on this monumental achievement. Remember this historic day forever by collecting this special ghost on Lens,2022-09-17 17:21:30+00:00,2022-09-17,Positive,0.9289347529411316
51,"GOLDEN CROSS VS DEATH CROSS EXPLAINED âš ï¸

[Golden cross vs. death cross explained](https://cointelegraph.com/explained/golden-cross-vs-death-cross-explained)
Golden crosses and death crosses are key signals that technical analysts use to determine whether an asset is trending upward or downward.",2022-09-17 17:21:14+00:00,2022-09-17,Neutral,0.7884219288825989
52,Have a goodnight my fam ğŸŠ,2022-09-17 17:21:14+00:00,2022-09-17,Positive,0.858377993106842
53,"Evolution of the Yield Curve from 1990 to 2022, one of the best predictors of a looming recession.

The description of what was happening during each time frame on the right.

ğŸ”Šmusic

[Wall Street Silver Twitter'da](https://twitter.com/WallStreetSilv/status/1571166840352477184)
â€œEvolution of the Yield Curve from 1990 to 2022, one of the best predictors of a looming recession.

The description of what was happening during each time frame on the right.

ğŸ”Šmusicâ€",2022-09-17 17:20:42+00:00,2022-09-17,Neutral,0.5226799249649048
54,"Another free Airdrop for BAB holders ğŸ‘€
#BNB #BNBchain

[SecondLive on Twitter](https://twitter.com/SecondLiveReal/status/1570770539832299521)
â€œâœ¨#Giveaway to celebrate the launch of @binanceâ€™s $BAB Token! Holders can claim $BEAN &amp; NFT rewards on #SecondLiveâ€Š. More benefits to come in the future!

ğŸ‘‰$BEAN claim: https://t.co/PcHVyuKWrL

ğŸ‘‰NFT Outfit claim: https://t.co/cAxqKuLtqa

ğŸ‘€More: https://t.co/09eVL47iCTâ€",2022-09-17 17:19:32+00:00,2022-09-17,Positive,0.4798252284526825
55,"The Tipping Point for Gold
by David Brady @GlobalProTrader 

Gold got hammered this week following the higher-than-expected CPI. Although that was the trigger, there were signs this was coming.

Worth 3 min to read ...

[Wall Street Silver Twitter'da](https://twitter.com/WallStreetSilv/status/1571166413523386375)
â€œThe Tipping Point for Gold
by David Brady @GlobalProTrader 

Gold got hammered this week following the higher-than-expected CPI. Although that was the trigger, there were signs this was coming.

Worth 3 min to read ...

https://t.co/7HxiWGViDJâ€",2022-09-17 17:19:16+00:00,2022-09-17,Neutral,0.6209350228309631
56,I do know that the music industry's position on this is that its commercial and does not fall under fair use in this manner. Most start ups in the music AI space are being incredibly careful in the music they use to train their algos with this in mind.,2022-09-17 17:19:04+00:00,2022-09-17,Negative,0.8114436864852905
57,"Airdrops    Enter the testnet app now and start earning ZETA Points now:  https://labs.zetachain.com/leaderboard?code=Zl77rk_R7-w-by0YCWA-y
ğŸ‰ To celebrate your early support for the ZetaChain ecosystem, weâ€™re dropping an exclusive NFT, available on 
@ProjectGalaxyHQ
 - like/retweet and claim your NFT now: https://galaxy.eco/ZetaChain/campaign/GCcGZUtnHZ",2022-09-17 17:18:26+00:00,2022-09-17,Neutral,0.5858207941055298
58,Vining in Berlin with the Lens team ğŸŒ¿,2022-09-17 17:18:22+00:00,2022-09-17,Positive,0.639214038848877
59,"Exterâ€™s Pyramid (updated 2019)â€¦ 

â€œThe U.S. and world economies are on the threshold of a deflationary crash that will make the 1930s look like a boom. Gold will be the single best investment to own. Buy it now while itâ€™s still cheap.â€ 

John Exter 1910-2006

[Wall Street Silver Twitter'da](https://twitter.com/WallStreetSilv/status/1571152005493579779)
â€œExterâ€™s Pyramid (updated 2019)â€¦ 

â€œThe U.S. and world economies are on the threshold of a deflationary crash that will make the 1930s look like a boom. Gold will be the single best investment to own. Buy it now while itâ€™s still cheap.â€ 

John Exter 1910-2006â€",2022-09-17 17:18:22+00:00,2022-09-17,Neutral,0.43445709347724915
60,"Here's the analysis of #APE : 

#APE did a breakout/ fakeout of the major resistance zone of $5.37 - $5.72 but ended up being rejected from the downtrend resistance line. Right now, price is expected to dip till support around around $3.98 - $4.24. Short-sell looks good above $5.10.",2022-09-17 17:17:30+00:00,2022-09-17,Neutral,0.540120542049408
61,"ğŸ˜‚
That is his version of the story! There even is a song about him gotten rejected. 
https://youtu.be/VytLIqlLxek",2022-09-17 17:17:26+00:00,2022-09-17,Neutral,0.6116416454315186
62,Congratulations to the entire Ethereum community on this monumental achievement. Remember this historic day forever by collecting this special ghost on Lens,2022-09-17 17:15:14+00:00,2022-09-17,Positive,0.9289347529411316
63,"Guten mergen. 

Hereâ€™s a little something from us, to you. Lots of hidden secrets to find. Catch it on a rare tee or some stickers at ETHBerlin, snap a pic and share it below. Until then, collect our poster on Lens. 

Yours truly, 
GROCERY WORLD
ğŸ§¾ ğŸ§¾ ğŸ§¾",2022-09-17 17:14:58+00:00,2022-09-17,Negative,0.38896018266677856
64,"Join this Crypto community on Torum. You earn $XTM for posting, liking and commenting on others'posts.

You even earn for login in daily and more...

$XTM is the token of Torum and you should be accumulating it now as it has great potentials ahead.

Register with this link NOW: https://www.torum.com/?referral_code=awesomemike

Don't miss out. Don't forget to stake coin and mirror to get to others.

[Torum - Connecting Worldwide Cryptocurrency Enthusiasts](https://www.torum.com/?referral_code=awesomemike)
Torum is a revolutionary SocialFi (Social + DeFi + NFT) Metaverse ecosystem designed to connect worldwide cryptocurrency users.",2022-09-17 17:13:36+00:00,2022-09-17,Positive,0.524202287197113
65,"Update #Ftm Long Setup (2/2).

â€¢ Hit Entry & Hit Tp2ğŸ“¸

But It is highly recommended to do SL+ or close the trade immediately (clear) or partial taking profit

Not invitation to buy or trade, just my opinion and stupid ideas to trade this pairğŸ˜‚ğŸ™ğŸ¼

#Ftm #Long #Setup #SharingPerspektive",2022-09-17 17:12:42+00:00,2022-09-17,Neutral,0.42951881885528564
66,"ğŸ”°#ETHEREUM POS Merged NFTs 

Galxe created a special NFT to celebrate this historic moment in Web3. 

NFT associated with the Merge of the ether. 

ğŸ‘‰ğŸ» https://galxe.com/Galxe/campaign/GCyruUtEW4 
ğŸ‘‰ğŸ» https://beta.layer3.xyz/bounties/celebrate-the-ethereum-merge-i 

Ethereum's main net approx fees is 2-3$ to claim NFTs.. 

Requirement: Must have at least one transaction on the Ethereum mainnet after the merge.

[ETH Merge Day! by Galxe](https://galxe.com/)
Join ETH Merge Day! NFT campaigns created by Galxe on Galxe. Happy Merge to all!

To celebrate this historic mo",2022-09-17 17:12:02+00:00,2022-09-17,Positive,0.43457984924316406
67,"Chain4Energy Greendrop (airdrop) Plus Contest https://wn.nr/L62p57

[Greendrop by Chain4Energy](https://gleam.io/dakII/chain4energy-greendrop-airdrop-contest)
Chain4Energy is a Web3 Energy MarketplaceğŸ“± The project operates on the Cosmos chain bringing massive benefits to all of its users. C4E builds green energy communities ğŸ’š where users can trade, stake, farm and gain many other bonuses while turning the world into a greener place. Don't wait and join the Green Revolution now! ğŸ’ª For more information visit: https://c4e.io/ Twitter | Telegram PRIZE POOL - 1 000 000 C4E tokens! ğŸ’° Prize Pool: 1 000 000 C4E ğŸ’° ğŸ’° Top 100 Entries: 3 500 C4E ğŸ’° ğŸ’° Rest divided: 650 000 C4EğŸ’° ğŸ”¥ HOW TO PARTICIPATE ğŸ”¥ Log in and follow the instructions - you need to fill all the tasks to be eligible for the Green Airdrop WHAT'S NEW WITH Chain4Energy TWITTER https://twitter.com/chain4energy DISCORD - https://discord.com/invite/chain4energy WEBSITE - https://c4e.io/",2022-09-17 17:11:36+00:00,2022-09-17,Neutral,0.5668699145317078
68,ğŸ‘€,2022-09-17 17:10:12+00:00,2022-09-17,Neutral,0.6294006109237671
69,"From @mrmattmccarthy: ""She Ain't Heavy, She's My Kitty ğŸ""",2022-09-17 17:10:08+00:00,2022-09-17,Neutral,0.5832077860832214
70,"The â€œDead birds in the iceâ€ is an incredible NFT song by @yehunda that I drew itâ€™s cover.

[Dead Birds In The Ice by yehunda | ENTER AUDIO](https://www.enter.audio/artist/yehunda/nfts/dead-birds-in-the-ice/)
The fourth part of an old story. The story began with Snowslide, continued with After Snowslide and Ice On That Lake..Now this one.All cover pics are made by @qesimart",2022-09-17 17:09:46+00:00,2022-09-17,Neutral,0.4932374060153961
71,joined the sandbox contest,2022-09-17 17:09:40+00:00,2022-09-17,Neutral,0.6027074456214905
72,I stopped playing Clash of clan,2022-09-17 17:09:04+00:00,2022-09-17,Neutral,0.5191502571105957
73,Could you believe that hard work and patience reward you more than this ğŸ‘‡ğŸ‘‡ğŸ‘‡,2022-09-17 17:08:16+00:00,2022-09-17,Positive,0.5885457396507263
74,Found the swag dex,2022-09-17 17:07:58+00:00,2022-09-17,Positive,0.5132136344909668
75,rAAVE swag has the higest bid atm,2022-09-17 17:07:40+00:00,2022-09-17,Positive,0.43297910690307617
76,good,2022-09-17 17:07:12+00:00,2022-09-17,Positive,0.43150457739830017
77,"Just wrapped up my first presentation on web3 social networks with Lens Protocol ğŸŒ¿

You can find the slides on Arweave here:
https://arweave.net/mlwiMPha1nRTSK1CkF7R8SAhHqdAtbm-vWHRWjKpm5w",2022-09-17 17:06:46+00:00,2022-09-17,Neutral,0.6712120175361633
78,"Guten mergen. 

Hereâ€™s a little something from us, to you. Lots of hidden secrets to find. Catch it on a rare tee or some stickers at ETHBerlin, snap a pic and share it below. Until then, collect our poster on Lens. 

Yours truly, 
GROCERY WORLD
ğŸ§¾ ğŸ§¾ ğŸ§¾",2022-09-17 17:06:38+00:00,2022-09-17,Negative,0.38896018266677856
79,Congratulations to the entire Ethereum community on this monumental achievement. Remember this historic day forever by collecting this special ghost on Lens,2022-09-17 17:06:30+00:00,2022-09-17,Positive,0.9289347529411316
80,"Useful Explanations on using Debank for tracking Whalesâ€™ movements ğŸ’¯

[Thor Hartvigsen on Twitter](https://twitter.com/ThorHartvigsen/status/1571070080901058561)
â€œFind Alpha Yourself By Tracking Whale Wallets!ğŸ’¥

@DeBankDeFi is a web 3 portfolio tracker with some very unique features. 

Knowing how to navigate these will get you insight into what/when whales are buying/sellingğŸ³.

A complete guide to DebankğŸ§µ 1/â€",2022-09-17 17:04:12+00:00,2022-09-17,Positive,0.5211853981018066
81,Who else love this mask,2022-09-17 17:03:26+00:00,2022-09-17,Positive,0.7890558838844299
82,Long time no see,2022-09-17 17:02:54+00:00,2022-09-17,Neutral,0.39283987879753113
83,Good evening to all friends. Don't forget to encourage the idle ones,2022-09-17 17:02:44+00:00,2022-09-17,Positive,0.7277073860168457
84,"Just wrapped up my first presentation on web3 social networks with Lens Protocol ğŸŒ¿

You can find the slides on Arweave here:
https://arweave.net/mlwiMPha1nRTSK1CkF7R8SAhHqdAtbm-vWHRWjKpm5w",2022-09-17 17:02:12+00:00,2022-09-17,Neutral,0.6712120175361633
85,"Guten mergen. 

Hereâ€™s a little something from us, to you. Lots of hidden secrets to find. Catch it on a rare tee or some stickers at ETHBerlin, snap a pic and share it below. Until then, collect our poster on Lens. 

Yours truly, 
GROCERY WORLD
ğŸ§¾ ğŸ§¾ ğŸ§¾",2022-09-17 17:02:08+00:00,2022-09-17,Negative,0.38896018266677856
86,All is well,2022-09-17 17:02:06+00:00,2022-09-17,Neutral,0.5114797353744507
87,Congratulations to the entire Ethereum community on this monumental achievement. Remember this historic day forever by collecting this special ghost on Lens,2022-09-17 17:02:02+00:00,2022-09-17,Positive,0.9289347529411316
88,The brain ğŸ§ ğŸ§  oriented,2022-09-17 17:00:30+00:00,2022-09-17,Negative,0.6080417633056641
89,"do you meditate?
how often?",2022-09-17 16:58:42+00:00,2022-09-17,Neutral,0.806989848613739
90,"Hey anon, thereâ€™s more ğŸš¨ alpha ğŸš¨ that we managed to find out wrt to the next weekâ€™s Optimism Quests ğŸ‘‡:

ğŸ”¥UPDATED CHEATSHEET ğŸ¤«ğŸ‘‡

âŒ NO GALXE PASSPORT REQUIRED ğŸ‘‡

1ï¸âƒ£ Almost all of the projects will have some form of social tasks, such as follow on Twitter and join Discord (all tracked via Galxe). Suggest you start linking your socials to Galxe and joining the projectsâ€™ Discord/Twitter for a head start
2ï¸âƒ£ NONE of the projects currently use the controversial Galxe Passport, so donâ€™t worry anon - you wonâ€™t be asked to get it in order to participate in the campaign ğŸ˜‰. This has been confirmed by a member of Optimism team on our Twitter. 
3ï¸âƒ£ Both Kwenta and Stargate are planning to gib EXTRA NFT reward ğŸfor users that complete their quests. These NFTs will have utility, e.g. Kwenta NFT will boost your LP rewards ğŸ‘€ğŸ¤‘
4ï¸âƒ£ We now know the list of all 18 (as we thought!) projects. Itâ€™s a mixed bag between Op-native and non-native apps, likely picked by TVL and other metrics. Interestingly, neither Thales nor Aelin are on the list - probably due to their relatively lower TVL in comparison to other Op-native apps. 
5ï¸âƒ£ Some of the quest tasks have been mentioned in the Galxe x Optimism Twitter Spaces ğŸ§. See an up-to-date version of the infamous cheat-sheet. We expect confirmation of all details on Monday (19 Sept), but never forget who told you about all of this first ğŸ˜œğŸ˜‰",2022-09-17 16:58:04+00:00,2022-09-17,Negative,0.43652358651161194
91,Dinner ğŸ•ºğŸ»,2022-09-17 16:58:02+00:00,2022-09-17,Neutral,0.48856237530708313
92,Saturday for game,2022-09-17 16:57:58+00:00,2022-09-17,Neutral,0.607325553894043
93,"Just wrapped up my first presentation on web3 social networks with Lens Protocol ğŸŒ¿

You can find the slides on Arweave here:
https://arweave.net/mlwiMPha1nRTSK1CkF7R8SAhHqdAtbm-vWHRWjKpm5w",2022-09-17 16:57:44+00:00,2022-09-17,Neutral,0.6712120175361633
94,"Guten mergen. 

Hereâ€™s a little something from us, to you. Lots of hidden secrets to find. Catch it on a rare tee or some stickers at ETHBerlin, snap a pic and share it below. Until then, collect our poster on Lens. 

Yours truly, 
GROCERY WORLD
ğŸ§¾ ğŸ§¾ ğŸ§¾",2022-09-17 16:57:38+00:00,2022-09-17,Negative,0.38896018266677856
95,Congratulations to the entire Ethereum community on this monumental achievement. Remember this historic day forever by collecting this special ghost on Lens,2022-09-17 16:57:32+00:00,2022-09-17,Positive,0.9289347529411316
96,"#ä½œä¸šæ‰“å¡ 20220917
web3
1ã€Dailyï¼šSecondLiveç­¾åˆ°ã€Zetachain Swapã€æµ‹è¯•ç½‘é¢†æ°´ã€Torumä»»åŠ¡ã€Decaæ”’ç»éªŒã€Carvç­¾åˆ°ã€Layer3 gmã€ATTAçˆ†ç±³èŠ±æ‰“å¡ã€Eyesfi curateã€CMC/å£è™/ä¸–åšç­¾åˆ°é¢†å–
2ã€Weeklyï¼šSweet NFTé¢†å–ã€Relation DC Party
3ã€Taskï¼šLayer3 * 2
4ã€Rewardï¼šOAT * 3ã€Carvé¾™ç ç¢ç‰‡ * 2
5ã€Voteï¼šsnapshot BAL * 2
6ã€AMAï¼šCyberConnect DC AMAï¼ˆ16å·ï¼Œæœ‰Link3çš„å‹‹ç« å’Œ100K Roleï¼‰
7ã€Projectï¼šhttps://petrawallet.typeform.com/OGRole Aptos å®˜æ–¹é’±åŒ…Petra OGè§’è‰²
8ã€Getï¼šhttps://sourl.cn/N9i28n Mirror Collect
9ã€Projectï¼šhttps://sourl.cn/p2Nut9 Rougeç§¯åˆ†ä»»åŠ¡ï¼ˆä»¥åæ¢ä»£å¸ï¼‰ï¼Œè¿›DCï¼šhttps://discord.gg/ejXZCRpY
10ã€Waitlistï¼šhttps://cryptoys.com å¡«é‚®ç®±
11ã€Waitlistï¼šhttps://nitrocartel.finance å‘æ¨
12ã€Waitlistï¼šhttps://goal.metasochub.xyz å¡«åœ°å€
13ã€Waitlistï¼šhttps://goldsky.com å¡«é‚®ç®±",2022-09-17 16:56:56+00:00,2022-09-17,Neutral,0.7372409701347351
97,"Hereâ€™s a review of the possible new trends that will drive the crypto market in the post-Merge era.

[Whatâ€™s next for Bitcoin and the crypto market now that the Ethereum Merge is over?](https://cointelegraph.com/news/what-s-next-for-bitcoin-and-the-crypto-market-now-that-the-ethereum-merge-is-over)
Hereâ€™s a review of the possible new trends that will drive the crypto market in the post-Merge era.",2022-09-17 16:56:54+00:00,2022-09-17,Neutral,0.624799907207489
98,G9 all,2022-09-17 16:56:54+00:00,2022-09-17,Neutral,0.4133252501487732
99,"As UI Designer, how can I contribute to @lensprotocol and @lenster.lens expansion? Any thoughs? Drop ideas and let's connect! ğŸ‘‡",2022-09-17 16:56:46+00:00,2022-09-17,Neutral,0.593264639377594
